<deck name="Normalizacion Ejercicios" tags='MSMK'><fields><rich-text name='Front' sides='11'></rich-text><rich-text name='Back' sides='01'></rich-text></fields><cards><card><rich-text name='Back'><p>Que cumple 1FN, 2FN y no hay dependencias funcionales transitivas.</p></rich-text><rich-text name='Front'>¿Qué garantiza que una tabla está normalizada hasta 3FN?</rich-text></card><card><rich-text name='Back'>Crear una tabla intermedia EstudianteCurso con una fila por curso por estudiante.</rich-text><rich-text name='Front'><p>Si tienes una tabla con datos de estudiantes y sus cursos, y campos como Curso1, Curso2... ¿qué debes hacer para 1FN?</p></rich-text></card><card><rich-text name='Back'><p>NombreProducto y Precio dependen de IdProducto, no de la PK completa. Existe una dependencia funcional parcial de la PK. Debería ser completa para 2FN. Tablas resultantes:</p>
<ul>
<li>Ventas (<span style="text-decoration: underline;">IdVenta, IdProducto</span><strong>)</strong> y</li>
<li>Productos (<span style="text-decoration: underline;">IdProducto</span>, NombreProducto, Precio)</li>
</ul></rich-text><rich-text name='Front'><p>Dada la tabla Ventas (<span style="text-decoration:underline">IdVenta, IdProducto</span>, NombreProducto, Precio). ¿Qué falla para la 2FN?</p></rich-text></card><card><rich-text name='Back'>Que ya no hay dependencias parciales, ya que la clave no está compuesta.</rich-text><rich-text name='Front'>¿Qué indica que una tabla está en 2FN si su clave primaria es simple?</rich-text></card><card><rich-text name='Back'><ul>
<li>Si ya está en 2FN, aplicar la 3FN y separar en otra tabla esa dependencia transitiva.</li>
<li>Si no está en 2FN, normalizar hasta 2FN y ver si hay que hay que normalizar hasta 3FN si se mantiene esa dependencia transitiva.</li>
</ul></rich-text><rich-text name='Front'><p>¿Qué acción tomarías si una tabla tiene una dependencia funcional de un atributo no clave sobre otro no clave?</p></rich-text></card><card><rich-text name='Back'>'NombreDepto' depende de 'Departamento', que depende de 'Id'. Hay una dependencia transitiva.</rich-text><rich-text name='Front'><p>En una tabla 'Empleado(<span style="text-decoration: underline;"><strong>Id</strong></span>, Nombre, Departamento, NombreDepto)', ¿por qué no está en 3FN?</p></rich-text></card><card><rich-text name='Back'><p>Empleado(<span style="text-decoration: underline;">EmpleadoId</span>, Nombre, DepartamentoId), Departamento(<span style="text-decoration: underline;">DepartamentoId</span>, NombreDepto).</p></rich-text><rich-text name='Front'><p>Corrige a 3FN: Empleado(<span style="text-decoration: underline;">EmpleadoId</span>, Nombre, DepartamentoId, NombreDepto)</p></rich-text></card><card><rich-text name='Back'>Dividirlo en tres campos atómicos: Nombre, Apellido1 y Apellido2.</rich-text><rich-text name='Front'>Dado el campo 'NombreCompleto' con valor 'Ana López García', ¿qué debes hacer para alcanzar la 1FN?</rich-text></card><card><rich-text name='Back'>Que 'NombreProducto' depende solo de IdProducto, no de toda la PK.</rich-text><rich-text name='Front'>En una tabla con PK compuesta (IdPedido, IdProducto) y un campo 'NombreProducto', ¿qué indica que no está en 2FN?</rich-text></card><card><rich-text name='Back'>Que todos los atributos no clave dependen directamente de la clave primaria.</rich-text><rich-text name='Front'>¿Qué indica que ya no hay más dependencias transitivas en una tabla?</rich-text></card></cards></deck>