<deck name="Normalizacion " tags='DB Design & Development'><fields><text name='Frontal' sides='11' ></text><text name='Posterior' sides='01' ></text></fields><cards><card><text name='Frontal'>¿Cuándo una tabla no está en 2FN?</text><text name='Posterior'>Cuando un campo no clave depende solo de una parte de la clave primaria (que es  a la fuerza compuesta)</text></card><card><text name='Frontal'>¿Qué implica una dependencia funcional transitiva?</text><text name='Posterior'>Que un atributo no clave depende de otro no clave, lo cual implica que la tabla no se encuentra en 3FN.</text></card><card><text name='Frontal'>¿Qué implica una dependencia funcional parcial?</text><text name='Posterior'>Que un atributo no clave depende solo de una parte de la clave compuesta en la tabla analizada. La eliminación de este tipo de dependencia mediante la descomposición en 2 o más tablas, ayuda a conseguir tablas en 2FN</text></card><card><text name='Frontal'>¿Para qué es la Integridad de Datos en bases de datos?</text><text name='Posterior'>La integridad de Datos en Bases de Datos sirve evitar que usuarios dañen o corrompan la base de datos mediante restricciones de integridad.</text></card><card><text name='Frontal'>¿Qué condiciones debe cumplir una tabla en 1FN?</text><text name='Posterior'>Clave primaria única, atributos atómicos, clave primaria sin valores nulos, número fijo de columnas y los campos no clave deben identificarse por el campo clave.</text></card><card><text name='Frontal'>¿Qué es una clave candidata?</text><text name='Posterior'>Es una posible clave primaria (que no se ha seleccionado porque otro atributo ha sido seleccionado como PK). También llamada clave alternativa, su valor también sirve para identificar una fila o registro de la tabla.</text></card><card><text name='Frontal'>¿Qué dependencia impide la 2FN?</text><text name='Posterior'>Las dependencias funcionales parciales de la clave primaria hacen que una tabla no se encuentre en 2FN</text></card><card><text name='Frontal'>¿Qué se debe explicar al analizar el estado de normalización de una tabla?</text><text name='Posterior'>Justificar qué criterios no se cumplen (empezando por la 1FN hasta la 3FN), por qué y cómo resolverlo mediante la correcta descomposición en tablas más simples que cumplen los criterios de normalización</text></card><card><text name='Frontal'>¿Qué relación hay entre normalización e integridad de datos?</text><text name='Posterior'>La normalización, al estructurar datos en tablas bien definidas y con dependencias claras, soporta directamente la integridad de los datos.</text></card><card><text name='Frontal'>¿Qué ventajas aporta la normalización?</text><text name='Posterior'>Reduce la redundancia, mejora la integridad referencial, facilita el mantenimiento y escalabilidad de las bases de datos.</text></card><card><text name='Frontal'>¿Qué es la Segunda Forma Normal (2FN)?</text><text name='Posterior'>Una tabla está en 2FN si cumple 1FN y todos los atributos no clave dependen funcionalmente de toda la clave primaria y no solo de parte de ella.</text></card><card><text name='Frontal'>¿Qué son las restricciones de integridad?</text><text name='Posterior'>Son reglas aplicadas a las bases de datos para garantizar su correcto funcionamiento.</text></card><card><text name='Frontal'>¿Qué es la normalización en bases de datos?</text><text name='Posterior'>Es el proceso de mejora estructural de la base de datos para reforzar la integridad de los datos, minimizando la inconsistencia y redundancia.</text></card><card><text name='Frontal'>¿Qué es clave primaria?</text><text name='Posterior'>Es el atributo o conjunto de atributos que identifican unívocamente cada registro en una tabla.</text></card><card><text name='Frontal'>¿Qué dependencias impiden la 3FN?</text><text name='Posterior'>Las dependencias funcionales transitivas</text></card><card><text name='Frontal'>¿Qué es la Tercera Forma Normal (3FN)?</text><text name='Posterior'>Una tabla está en 3FN si cumple 2FN y no existen dependencias funcionales transitivas de los campos no clave respecto a una clave candidatas (u otro campo no clave)</text></card><card><text name='Frontal'>¿Qué es la Primera Forma Normal (1FN)?</text><text name='Posterior'>Una tabla está en 1FN si todos los registros tienen el mismo número de campos, sin campos repetidos ni grupos, clave primaria única (sin valores nulos) y atributos atómicos (campos no divisibles)</text></card><card><text name='Frontal'>¿Qué hacer después de terminar la normalización?</text><text name='Posterior'>Entregar un modelo relacional normalizado con tuplas, claves primarias, foráneas y relaciones, e indicar el estado de normalización de cada tabla.</text></card></cards></deck>